seq,label
FAKKFAKKFKKFAKKFAKFAFAF,1
ICLRLPGC,1
FLGSIVGALASALPSLISKIRN,1
FGLPMLSILPKALCILLKRKC,1
CGESCVWIPCVTSIFNCKCKENKVCYHDKIP,1
KLAKLAK,1
GLFDIVKKVVGAIGSL,1
AKRHHGYKRKFH,1
FMPILSCSRFKRC,1
GRKKRRQRRRGGWMWVTNLRTD,1
GIGKFLKKAKKFAKAFVKMNN,1
GIGKFLKKAKKFAKAFVKIINN,1
GLMDTIKGVAKTVAASWLDKLKCKITGC,1
LLRHVVKILSKYL,1
KFKKLAKKF,1
TILLEIKNINAD,1
GLFKVIKKVAKVIKKL,1
FIFHIIKGLFHAGKMIHGLVTRRRH,1
ALYKKFKKKLLKSLKRL,1
TFRAFLSSRLQDLYSIVRRADRAAV,1
AVPDVAFNAYG,1
MRKEFHNVLSSGQLLADKRPARDYNRK,1
YAIDTILAEIKNINA,1
GKWLSLLKHILK,1
FVKLKKILNIILSIFKK,1
GFLGPLLKLAAKGVAKVIPHLIPSRQQ,1
DTHFPICIFCCGCCHRSKCGMCCKT,1
HGVSGHGQHGVHG,1
CKQSCSFGPFTFVCDGNTK,1
GKWMSLLKHILK,1
KWKLFKKIPKFLHL,1
KWKLFKKIGIGAVLKVLKKG,1
FALKALKK,1
FLPVVAGLAAKVLPSIICAVTKKC,1
CGETCVGGTCNTPGCTCSWPVCTRNGLPV,1
AIKLVQSPNGNFAASFVLDGTKWIFKSKYYDSSKGYWVGIYEVWDRK,1
KSCCPNTTGRNIYNTCRLGGGSRERCASLSGCKIISASTCPSDYPK,1
LKCNKLVPLFYKTCPAGKNL,1
KWFKKIPKFLHLAKKF,1
CGESCAMISFCFTEVIGCSCKNKVCYLNSIS,1
FAKLLAKFLKKAL,1
ETWRTEAPSATGQASSLLGGRLLGQ,1
AKWVGDLTLCRWR,1
KILRGVAKKIMRTFLRRILTGKK,1
CGESCVFIPCISTLLGCSCKNKVCYRNGVIP,1
SPWPRPTY,1
FLSFPTTKTYFPHFDLSHGSAQVKGHGAK,1
VALALKALKKL,1
GAARKSIRLHRLYTWKATIYTR,1
GLFAVIKKVASVIGGL,1
CRQSCSFGPLTFVCDGNTK,1
FVQWFSKFLGRIL,1
GWLKKIGKKIERVGQHTRDATIQTIGVAQQAANVAATLK,1
GLFDIVKKVVGALGSL,1
FLFPLITSFLSKVL,1
GLPVCGETCFGGTCNTPGCSCETWPVCSRN,1
FAKKLKKLAKLAKKL,1
GTGLPMSERRKIMLMMR,1
VALALKALKKALKKLKKALKKAL,1
GLLPCAESCVYIPCLTTVIGCSCKSKVCYKN,1
VAKLLAKLAKKVL,1
FAKLLAKLAKKLL,1
PGLGFY,1
GFGKAFHSVSNFAKKHKTA,1
VECYGPNRPQF,1
LKLKSIVSWAKKVL,1
FFPIGVFCKIFKTC,1
GFFSTVKNLATNVAGTVIDTLKCKVTGGCRS,1
FAKKLAKKLKKLAKKLAKKWKL,1
KWKKFLKIGIGKFLHLAKKF,1
FKRIVQRIKDFLR,1
DYPKLTFTTS,1
KWKSFLKTFKSAKKTVLHTLLKAISS,1
VNWKKILPKIIKVVK,1
GLPVCGETCFGGTCNTPGCTCDPWPVCTRN,1
FAGLAANFLPTIICKISYKC,1
ADRGWIKTLTKDCPNVISSICAGTIITACKNCA,1
AANFGPSVFTPEVHETWQKFLNVVVAALGKQYH,1
GVPICGETCTLGTCYTAGCSCSWPVCTRN,1
EPHPDEFVGLM,1
KYKKALKKLAKLL,1
GSSSGRGDSPA,1
KAAKKAWKAAKKAAKWWKKAA,1
AKCIKNGKGCREDQGPPFCCSGFCYRQVGWARGYCKNR,1
GLKKLLGKLLKKLGKLLLK,1
GIIKKIIKKIIKKIIKKI,1
FLKWLFKWAKK,1
FAKKLAKLAKKL,1
FIFHIIKGLFHAGKMI,1
GLFDIVKKVVGTIAGL,1
EFTNVSCTTSKECWSVCQRLHNTSRGKCMNKKCRCYS,1
LLGDFKRIVQRIKDF,1
FLSSIGKILGNLL,1
PAWRKARRWARRMKKLAA,1
GKWMSLLKKILK,1
ALSKALSKALSKALSKALSKALSK,1
FLPAVLRVAAKIVPTVFCAISKKC,1
ATCDLLSGFGVGDSACAAHCIARGNRGGYCNSKKVCVCPI,1
GLFAVIKKVASVIKGL,1
KWFKKIPKFLHLLKKF,1
GFMDTAKNVAKNVAVTLIDNLKCKITKAC,1
RKGWFKAMKSIAKFIAKEKLKEHL,1
GLFDIIKKIAESF,1
FVKLKKIANIINSIFKK,1
FLPLIAGLAANFLPKIFCAITKKC,1
RAGLQFPVGRLLRRLLRRLLR,1
LLRHVVKILEKYL,1
GLFDKLKSLVSDF,1
AIGSILGALAKGLPTLISWIKNR,1
FLPIASLLGKYL,1
KISKRILTGKK,1
FLPLAVSLAANFLPKLFCKITKKC,1
KRAKAAGGWSHWSPWSSC,1
AVLDILKDVGKGLLSHFMEKV,1
GLPVCGETCVGGTCNTPGCACSWPVCTRN,1
ACIKNGGRCVASGGPPYCCSNYCLQIAGQSYGVCKKH,1
FLPLLLAGLPKLLCLFFKKC,1
GLFVGVLAKVAAHVVPAIAEHF,1
VNWKKIILGKIIKVVK,1
KILRGVAKKIMRTFLRRISKDILTGKK,1
FLFRVASKVFPALIGKFKKK,1
CIAKGNGCQPSGVQGNCCSGHCHKEPGWVAGYCK,1
AGECVQGRCPSGMCCSQFGYCGRGPKYCGR,1
ALLGDFFRKSKEKIGKEFKRIVQRIKDFLRNLVPRTES,1
CANSCSYGPLTWSCDGNTK,1
DFGCGQGMIFMCQRRCMRLYPGSTGFCRGFRCMCDTHIPLRPPFMVG,1
FLSLIPKLVKKIIKAFK,1
FFSLLPSLIGGLVSAIK,1
VNWKKILAKIIKVVK,1
FLSAITSLLGKLL,1
AAVPIVNLKDELLFPSWEALFSGSE,1
FAKIIAKIAKIAKKIL,1
LVPCLPGC,1
ATCDLLSGTGINHSACAAHCLLRGNRGGYCNGKAVCVCRN,1
KKVVFKVKFK,1
PGMGIYLPM,1
FLGMIPKLIKKLIKAFK,1
GLFDIVKKIAGHIVSSI,1
GIPCAESCVWIPPCTITALMGCSCKNNVCYNN,1
GIPCAESCVWIPCTVTALIGCGCSNKVCYN,1
FKVKFKVKVK,1
FALKALKKAL,1
GLFDVIKKVASVIKKL,1
GLFSVLGAVAKHVLPHVVPVIAEKL,1
KAFWGLQH,1
VYWKKILGKIIKVVK,1
GFGCPNNYQCHRHCKSIPGRCGGYCGGWHRLPCTCYRCG,1
LKKLAKLALAF,1
FAKLFAKLAKKFAL,1
KRLRRVWRRWR,1
FAKLLAKALKKFAL,1
FLLFPLMCKIQGKC,1
ASIVKTTIKASKKLCRGFTLTCGCHFTGKK,1
CTGAAGGTGCTGTCCCAGAT,1
GFMKYIGPLIPHAVKAISDLI,1
DHYNCVSSGGQCLYSACPIFTKIQGTCYRGKAKCCK,1
FAKFLAKFLKKAL,1
GLFAVIKKVAAVIRRL,1
FKRIVQRIKDFLRNLV,1
FFGHLFKLATKIIPSLFQ,1
FAKLFAKAFKKAL,1
KAAKKWAKAAKKWAKAWKKAA,1
AFKLLGRIIHHVGNFVYGFSHVF,1
PAWRKAFRWAWRMKKLAA,1
GLFDIVKKVVGAFGSL,1
GVGSPYVSRLLGICL,1
FLPLLASLFSGLF,1
ILRWPWWPWRRK,1
GLPTCGETCTLGTCYVPDCSCSWPICMKN,1
KAQIRAMECNIL,1
FLPLVTMLLGKLF,1
KTCENLADTY,1
KAAKKAWKWAKKAAKWAKKAA,1
LLGDFFRKSKEKIGKEFKRIVQRIKDFLRNLVPRTES,1
FAKKLAKLALKLAKL,1
PRFWEYWLRLME,1
VAKLLAKLAKKLL,1
GLLGPLLKIAAKVGSNLL,1
AKKVFKRLEKLFSKIQNDK,1
RFRLPFRRPPIRIHPPPFYPPFRRFL,1
MPKEKVFLKIEKMGRNIRN,1
EPNPDEFFGLM,1
ATRVVYCNRRSGSVVGGDDTVYYEG,1
GGLRSLGRKILRAWKKYGPIIVPIIRI,1
FLSLIPHIVSGVASIAKHF,1
DDTPSSRCGSGGWGPCLPIVDLLCIVHVTVGCSGGFGCCRIG,1
CIPMAWAVSWPHP,1
DYDWSLRGPPKCATYGQKCRTWSPRNCCWNLRCKAFRCRPR,1
GWRTLLKKAEVKTVGKLALKHYL,1
GLFDIVKKIAGHIA,1
GLFDIIKKIAESI,1
FAKLLKLAAKKLL,1
MPKWKVFKKIEKVGRNIRNGIVKAGPAIAVLGEAKALG,1
GIGKFLKKAKKFGKAFVKILKK,1
GMWSKLLGHLLR,1
FALLKL,1
VNWKKILKKIIKVVK,1
GAIKDALKGAAKTVAVELLKKAQCKLEKTC,1
YAIDTILLEIKNINAD,1
GFFALIPKIISSPLFKTLLSAVGSALSSSGGQE,1
GSIPCGESCVFIPCISAIIGCSCSSKVCYKN,1
FLPILGKLLSGIL,1
ENFFKEIERAGQRIRDAIISAAPAVETLAQAQKIIKGGD,1
FAKALAKLAKKLL,1
ECRRLCYKQRCVTYCRGR,1
ALKAALLAILKIVRVIKK,1
HSHRDFQPVLHLVALNSPLSGGMRG,1
FFRLLFHGVHHVGKIKPRA,1
ALWMTLLKKVLKAAAKALNAVLVGANA,1
FAFAKIIAKIAKKII,1
KIAKVALAKLGIGAVLKVLTTGL,1
KWKLFKKKTKLFKKFAKKLAKKL,1
FFRHLFRGAKAIFRGARQGWRAHKVVSRYRNRDVPETDNNQEEP,1
RGDLLRHVVKILSKYL,1
KWLRRVWRWWR,1
GSIPCGESCVFIPCISSVIGCACKSKVCYKN,1
GADFQECMKEHSQKQHQHQG,1
NVWKKILGKIIKVVK,1
PAWAKAFRAAARMKLKAA,1
EGGGPQWAVGHFM,1
FAKLWAKLAKKL,1
MRKWFHNVLSSGQLLADKWPAWDYNRK,1
FFGAIAAALPHVISAIKNAL,1
KAAKKAWKAWKKAAKAAWKKAA,1
KWKSFAKTFKSAKKTVLHTALKAISS,1
GFGCPLNQGACHNHCRSIGRRGGYCAGIIKQTCTCYRK,1
MPRWRLFRRIDRVGKQIKQGILRAGPAIALVGDARAVG,1
KWKLFKKIGIGKFKLAKKF,1
GSIPCEGSCVFIPCISAIIGCSCSNKVCYKN,1
PRFWEYALRLME,1
GFGCNGPWDEDDMQCHNHCKSIKGYKGGYCAKGGFVCKCY,1
VAKALKALLKALKAL,1
FAVGLRAIKRALKKLRRGVRKVAKDL,1
KWKLFKKIPKFLHLAK,1
KTCENLADTFRGPCFATSNC,1
FISAIASFLGKFL,1
GIPCGESCVFIPCITAAIGCSCKSKVCYRN,1
FLSLIPHAINAVSALANHG,1
MWKEFHNVLSSGQLLADKRWARWYNRW,1
KAKLF,1
FAKLLAKLAKK,1
GLLSVLGSVAKHVLPHVVPVIAEHL,1
FKVQNQHGQVVKIFHH,1
FAKIIAKIAKKI,1
FLGALAKIISGIF,1
GFKDWIKGAAKKLIKTVASSIANQ,1
SWLSKTAKKLENSAKKRISEGIAIAIQGGPR,1
FIGTALGIASAIPAIVKLFK,1
VNWKKILGKIKKVVK,1
WKLFKKIPKFLHLAKKF,1
FALALKALKKLLKKLKKLAKKAL,1
VALALKALKKLAKKLKKLAKKAL,1
FLGALFHALSKLL,1
GLVTSLIKGAGKLLGGLFGSVTGGQS,1
ELCEKASQTWSGTCGKTKHCDDQCKSWEGAAHGACHVRDGKHMCFCYFNC,1
GLPVCGETCFTGTCYTNGCTCDPWPVCTRN,1
FLPIVGRLISGLL,1
ACSAG,1
KWKLFKKIPLAKKF,1
KAFDITYVRLKF,1
FLGWLFKWAWK,1
DAEFRHDSGYEVHHQKLVFFAEDVGSNKGAIIGLMVGGVVIA,1
FVDLKKIANIINSIF,1
DCYCRIPACIAGERRYGTCIYQGRLWAFCC,1
KWKLFKKIPLHLAKKF,1
ALWKTLLKNVGKAAGKAALNAVTDMVNQ,1
GFGMALKLLKKVL,1
LRVRLASHLRKLRKRLLRDADDLQKRLAVY,1
ASSSYPLIHWRPWAR,1
GFCRCLCRRGVCRCICTR,1
LMMLILAMNRKDKKKEKK,1
FLSAIASMLGKFL,1
DLRFWNPREKLPLPTLPPFNPKPIYIDMGNRY,1
KWKLFKKALKKLKKALKKAL,1
FAKAIAKIAFGKGIGKVGKKLL,1
KAYARIGNSYFK,1
QETFSDLWKLLP,1
KWWKKAAKAAKKAAKAAKKWA,1
DDALRRLLRRLLRRL,1
ACYCRIPACFAGERRYGTCFYLGRVWAFCC,1
RLFDKIRQVIRKF,1
FAKLLAKLAK,1
GLFGVLAKVAAHVVPAIAEHF,1
GLFDIIKKVASVVGGL,1
TCCATGACGTTCCTGACGTT,1
ALWKDILKNAGKAALNEINQLVNQ,1
YGRKKRRQRRRREADFFWSLCTADMS,1
FAKKLAKKLAKAL,1
GIGDPVTCLKSGAICHPVFCPRRYKQIGTCGLPGTK,1
GQVWEATATVNAIRGSVTPAVSQFNARTAD,1
GMWKKILGHLIR,1
KWKSFLKTFKSAKKTVAHTALKAISS,1
AKIPIKAIKTVGKAVGKGLRAINIASTANDVFNFLKPKKRKA,1
NYQWVPYQGRVPYPRGGLLKLLKKLLKKLLKL,1
GLMSSIGKALGGLIVDVLKPKTPAS,1
AGWGSIFKHIFKAGKFIHGAIQAHND,1
KWKLFKKIPKFLHLAKK,1
QAGGQTCPGGICCSQWGYCGTTADYCSPNNNCQSNCWASG,1
GKWMTLLKHILK,1
LLGDFFRKSKEK,1
GFGCPGNQLKCNNHCKSISCRAGYCDAATLWLRCTCTDCNGKK,1
FCTMIPIPRCY,1
FAKKLAKLAKKLAKLAL,1
FLPLIGKILGTIL,1
GLFAVIKKVAKVIKKL,1
FIHHIFRGIVHAGRSIGRFLTG,1
PAARKAARWAWRMLKKGA,1
FAKKLAKKLKKLAKLALAK,1
IVRRADRAAVP,1
GLLSVLGSVAQHVLPHVVPVIAEHL,1
KWKLFKKIPHLAKKF,1
ATCDLLSKWNWNHTACAGHCIAKGFKGGYCNDKAVCVCRN,1
FALALKALKKLAKKLKKLAKKAL,1
CAAGTACTCAGTGTGGA,1
WALAL,1
GKWMKLLKHILK,1
VAKKLAKLAKKLLAL,1
FLPLIGRVLSGIL,1
KWKLAKKALALL,1
GCASRCKAKCAGRRCKGWASASFRGRCYCKCFRC,1
GIPCGESCVFIPCLTSAIDCSCKSKVCYRN,1
KFKKLAKKW,1
DWTAWSALVAAACSVELL,1
FLPLLAGLAANFLPTIICKISYKC,1
PLLQATLGGGS,1
DPVTYIRNGGICQYRCIGLRHKIGTCGSPFKCCK,1
RRRRRRRRGEDIIRNIARHLAQVGDSMDR,1
FLGALFKALSHLL,1
FAKKLAKKLKKLAKKLAKLAKKL,1
KWKLFKKIGIGKFLHSAKKF,1
KWKSFLKTFKSLKKTVLHTLLKLISS,1
DLRFLYPRGKLPVPTLPPFNPKPIYIDMGNRY,1
FAKLLAKAFKKAL,1
GVPVCGETCFGGTCNTPGCSCDPWPVCSRN,1
FIGLLISAGKAIHDLIRRRH,1
KWKLFKKIPKFLH,1
PAWFKARRWAWRMKKLAA,1
VNWKKILGKIIKVVK,1
FLPIVAKLLSGLL,1
KWKLFKKIPFLHLAKKF,1
FAKLA,1
FLPIVTNLLSGLL,1
MWKWFHNVLSSGQLLADKWWAWWYNWW,1
KLLLKLKLKLLK,1
CSTNTFSLSDYWGNNGAWCTLTHECMAWCK,1
KWKLFKKIPKFLHLAKKF,1
GKWSKILGHLIR,1
FELDRICGYGTARCRKKCRSQEYRIGRCPNTYACCLRKWDESLLNRTKP,1
FAKKALKALKKL,1
FLGALFKVASKVLPSVFCAITKKC,1
FAKLLAKLAKKGL,1
FDIVKKIAGHIVSSI,1
GFKMALKLLKKVL,1
KSCCPNTTGRNIYNTCRFGGGSRQVCASLSGCKIISASTCPSDYPK,1
GMWSKILGHLIR,1
KWKLFKKIGPGKFLHSAKKF,1
GIGKFLHAAKKFAKAFVAEIMNS,1
AALKGCWTKSIPPKPCFGKR,1
ALSILKGLEKLAKMGIALTNCKATKKC,1
KLLLKLLKKLLKLLKKK,1
ACYCRIPACIAGERRYGTCIYQGRLWAFCC,1
GVPICGETCVGGTCNTPGCSCSWPVCTRN,1
RGDLLRHVVKILEKYL,1
PPPEE,1
CCTAAGCCCTTGTGGTGTGT,1
VAKALAKALLKALKAL,1
PAWRKAFRWAKRMLKKAA,1
DIQIPGIKKPTHRDIIIPNWNPNVRTQPWQRFGGNKS,1
VYINKLTPPCGTMYYACEAV,1
FAKLLAKALKKAL,1
LTAEHYAAQATS,1
GMWKKILGKLIR,1
FAKKLAKKLAKLL,1
TTGGTCCTTCAAGAGCTG,1
HTLLTPRR,1
VAKKLAKLAKKLAKLALAL,1
ATCDLASGFGVGSSLCAAHCIARRYRGGYCNSKAVCVCRN,1
GLPVCGETCVGGTCNTPGCGCSWPVCTRN,1
IPCGESCVWIPCISGMFGCSCKDKVCYS,1
IFLLWQR,1
FALALKLKKL,1
VAKKLAKLAKKLAKLAL,1
GFGSLLGKALRLGANVL,1
KWKSFLKTFKSAKKTVLHTALKAISS,1
CHHNLAHAC,1
GFGCPFNQYECHAHCSGVPGYKGGYCKGLFKQTCNCY,1
GRENYHGCTTHWGFTLC,1
KLLRLLKKLLRLLLK,1
FLGLLFHGVHHVGKWIHGLIHGHH,1
HTMYYHHYQHHL,1
GEFLKCGESCVQGECYTPGCSCDWPICKKN,1
YHWYGYTPQNVIGGGKLLLKLLKKLLKLLKKK,1
GMWSKILKHLIR,1
FLPIITNLLGKLL,1
GLPICGETCVGGTCNTPGCSCSWPVCTRN,1
GLFDVIKKVASVIKGL,1
KNWKKILGKIIKVVK,1
FAKKLAKKLKKLAKKLAK,1
RYPAGLPFL,1
FLGMIPGLIGGLISAFK,1
FLPLVGKILSGLI,1
GSIPCGESCVFIPCISAVIGCSCSNKVCYKN,1
FFGTALKIAANILPTAICKILKKC,1
GLLQTIKEKLESLESLAKGIVSGIQA,1
CAGAGTGGGAGAGGCAAGAC,1
VNWRRILGRIIRVVR,1
HHPHG,1
FAKKLAKLAKKLLAL,1
AQCGAQGGGATCPGGLCCSQWGWCGSTPKYCGAGCQSNCK,1
IGKEFKRIVQRIKDFLRNLVPRTES,1
FLPIIAGVAAKVLPKIFCAISKKC,1
IPCGESCVWIPCITAIAGCSCKNKVCYT,1
DHYICAKKGGTCNFSPCPLFNRIEGTCYSGKAKCCIR,1
FKCRRWQWRMKK,1
FAKLLAKLAKKL,1
DSHEERRQGRHGHHEYGRKFHEKHHSHRGY,1
FLGGLMKAFPAIICAVTKKC,1
FAKLLAKLAKAKA,1
DFKLFAVTIKYR,1
RYLGYL,1
FIGPIISALASLFG,1
FALAAKALKKLAKKLKKLAKKAL,1
FALALKLAKKAL,1
PAARKAFRWAWRMLKKAA,1
GIPCGESCVWIPCISSAIGCSCKSKVCYRN,1
GIIKKIIIKKI,1
FLGALIKGAIHGGRFIHGMIQNHH,1
FALALKALKKL,1
KWKLFKKIGIGKFLHSATTF,1
FFGSVLKLIPKIL,1
DFKDWMKTAGEWLKKKGPGILKAAMAAAT,1
KTKLFKKFAKKLAKKLKKLAKKL,1
GDACGETCFTGICFTAGCSCNPWPTCTRN,1
HPTWPQKSVWHGSDPNGRRLTESY,1
KLKNFAKGVAQSLLNKASCKLSGQC,1
DFASCHTNGGICLPNRCPGHMIQIGICFRPRVKCCRSW,1
GFGMALRLLRRVL,1
GKWMSLLKHIWK,1
KAAKKWAKAWKKAAKAWKKAA,1
ALWKNMLKGIGKLAGQAALGAVKTLVGAE,1
FAKLLAKALKKL,1
RKKRRQRRR,1
GFGCPNNYACHQHCKSIRGYCGGYCAGWFRLRCTCYRCG,1
LIAHNQVRQV,1
GIGKFLHSAKKFGKAFVGEIMNS,1
KLAKKLAKLAKLAKAL,1
FAKKLAKKLAKLAL,1
PRFWEYWLRLAE,1
FALALKLAKKL,1
FLPAIAGILSQLF,1
GFLDIIKDTGKEFAVKILNNLKCKLAGGCPP,1
KIFGSLAFL,1
FALKALKKLKKALKKAL,1
RQVFQVAYIIIKA,1
GKWMSLLKHWLK,1
AAKKWAKAKWAKAKKWAKAA,1
GKWKSLLKHILK,1
KWKLFAKIGIGKFLHLAKKF,1
GLFDIAKKVIGVIGSL,1
KKKFPWWWPFKKK,1
GFGCPFNQGACHRHCRSIRRRGGYCAGLFKQTCTCYR,1
GLFVGLAKVAAHNNPAIAEHFQA,1
FLKLLAGLLKNFA,1
GFIFHIIKGLFHAGKMIHGLV,1
KLKNFAIGVAQSLLNKASCKLSGQC,1
GLLDIVKKVVGAFGSL,1
KAQIRAMECNILGRKKRRQRRR,1
EIRLPEPFRFPSPTVPKPIDIDPILPHPWSPRQTYPIIARRS,1
FAKLLAKLAKAKL,1
FVPYNPPRPYQSKPFPSFPGHGPFNPKIQWPYPLPNPGH,1
KSCCPNTTGRNIYNTCRFAGGSRERCAKLSGCKIISASTCPSDYPK,1
TCGTCCTGAGGAGAGAGAGC,1
LFGMALKLLKKVL,1
RWGKWFKKATHVGKHVGKAALTAYL,1
KWKSFLKTFKSAKKTVAHTAAKAISS,1
CTFTLPGGGGVCTLTSECIC,1
HHPHGHHPHGHHPHG,1
DTVACRIQGNFCRAGACPPTFTISGQCHGGLLNCCAKIPAQ,1
RLVSYNGIIFFLK,1
GKWMSLWKHILK,1
FKKLKKIANIINSIFKK,1
GIKCRFCCGCCTPGICGVCCRF,1
YPFPG,1
CHHNATHAC,1
NKWKKILGKIIKVVK,1
GMWSKILGKLIR,1
FALLKALKKAL,1
ALWKTMLKKLGTMALHAGKAALGAAADTISQGTQ,1
FLPILASLAATLGPKLLCLITKKC,1
GRFKRFRKKFKKLFKKLSPVIPLLHLG,1
AWKKWAKAWKWAKAKWWAKAA,1
RRRRRWCMNW,1
DCLSGKYKGPCAVWDNEMCRRICKEEGHISGHCSPSLKCWCEGC,1
KSCCPNTTGRNIYNTCRLTGSSRETCAKLSGCKIISASTCPSNYPK,1
FAKLWAKLAFGKGIGKVGKKLL,1
NHFTLKCPKTALTEPPTLAY,1
KWKLFKKIGIGAVLKVLTTG,1
GLFSVLGAVAKHVLPHVVPVIAEK,1
ELPKLPDDKVLIRSRSNCPKGKVWNGFDCKSPFAFS,1
ACDTATCVTHRLAGLLSRSGGVVKNNFVPTNVGSKAF,1
FALAKKALKKAKKAL,1
RQIKIWFQNRRMKWKK,1
DFKLFAVYIKYR,1
KWKLFKKIPLKKF,1
FALLKALLKKAL,1
AFTCHCRRSCYSTEYSYGTCTVMGINHRFCCL,1
MTLTG,1
FALALKKALKALKKAL,1
FKLAFKLAKKAFL,1
LTFEHYWAQLTS,1
ETFSDLWKLL,1
KWCFRVCYRGICYRRCR,1
WFKKIPKFLHLAKKF,1
AYPGNGVHCGKYSCTVDKQTAIGNIGNNAA,1
GLPVCGETCFGGTCNTPGCSCDPWPMCSRN,1
ELCEKASKTWSGNCGNTGHCDNQCKSWEGAAHGACHVRNGKHMCFCYFNC,1
GLFDVIKKVAAVIGGL,1
GFGSKPLDSFGLNFF,1
GFKLKGMARISCLPNGQWSNFPPKCIRECAMVSS,1
FAKALKALLKALKAL,1
DVKGMKKAIKGILDCVIEKGYDKLAAKLKKVIQQLWE,1
KSCCRNTWARNCYNVCRLPGTISREICAKKCDCKIISGTTCPSDYPK,1
GFFALIPKIISSPLFKTLLSAVGSALS,1
FAFGKGIGKIGKKGL,1
SIGAKILGGVKTFFKGALKELASTYLQ,1
GKWMSFLKHILK,1
RALWGLQH,1
GETFDKLKEKLKTFYQKLVEKAEDLKGDLKAKLS,1
FMPIIGRLMSGSL,1
FLPAIFRMAAKVVPTIICSITKKC,1
ADTLACRQSHQSCSFVACRAPSVDIGTCRGGKLKCCKWAPSS,1
FAKLLAKLAKKVL,1
FVLPLVMCKILRKC,1
GKWSKILGKLIR,1
CHHALTHAC,1
EVWRLAEFLAMPP,1
GVIPCGESCVFIPCISSVLGCSCKNKVCYRD,1
KWKLFKKIKFLHSAKKF,1
GLPVCGETCAGGTCNTPGCSCSWPICTRN,1
FFPIIAGMAAKLIPSLFCKITKKC,1
MPFLFCNVNDVCNFASRNDYSCNYYSNSYSFWLASLNPER,1
KLALKLALKALKAAKLA,1
GFKDLLKGAAKALVKTVLF,1
FAKKLAKKLKKLAKKLAKLALALKALALKAL,1
FLGGILNTITGLL,1
GIIKKIIIKKIIIKKI,1
ESVFSKIGNAVGPAAYWILKGLGNMSDVNQADRINRKKH,1
KWKKLLKKPPPLLKKLLKKL,1
FLPLLFGAISHLL,1
APPGARPPPGPPPPGPPPPGP,1
FKDLKKIANIINSIFKK,1
IAAHDTPGPVWLS,1
TILAEIKNINAD,1
ARLKKCFNKVTGYCRKKCKVGERYEIGCLSGKLCCAN,1
TAGIKLTVPIEKFPVTTQTFWG,1
KILRGVAKKILRTFLRRISKDILTGKK,1
AGCIKNGGRCNASAGPPYCCSSYCFQIAGQSYGVCKNR,1
GIGGKILSGLKTALKGAAKELASTYLH,1
FAKLLAKLAKAKG,1
FLPIIASVAAKVFSKIFCAISKKC,1
KWKLFKKIPKFLHSAKKF,1
FAKLLAKLAKKEL,1
GIPCGESCVFIPCITGAIGCSCKSKVCYRN,1
FAKLF,1
PRFWEAWLRLME,1
HHPHGHHPHG,1
GAFGNFLKGVAKKAGLKILSIAQCKLFGTC,1
THRPPMWSPVWPGGGKLLLKLLKKLLKLLKKK,1
GIGGVLLSAGKAALKGLAKVLAEKYAN,1
ESEFDRQEYEECKRQCMQLETSGQMRRCVSQCDKRFEEDIDWSKYDNQD,1
GIPCGESCVFIPCISSVIGCSCSSKVCYRN,1
RKAFRWAWRMLKKAAPSITCVR,1
ATCDLLSGTGVKHSACAAHCLLRGNRGGYCNGRAICVCRN,1
CHHNLTAAC,1
LGQSAASAHHAYIVLAIENSFMTASKKK,1
PAWRKAFRAAWRMLKKAA,1
KWKLFKKIPKFLHLA,1
AAKPMGITCDLLSLWKVGHAACAAHCLVLGDVGGYCTKEGLCVCKE,1
KLCGETCFKFKCYTPGCSCSYPFCK,1
FLPPSPWKETFRTS,1
GIPCAESCVWIPCTVTALVGCSCSDKVCYN,1
PRFWEYWLRAME,1
FLPVLAGIAAKVVPALFCKITKKC,1
GLFGVLGSIAKHVLPHVVPVIAEKL,1
FAKLAKKLL,1
RWKIFKKIEKMGRNIRDGIVKAGPAIEVLGSAKAIGK,1
GRKKRRQRRR,1
KLLKLLLKLYKKLLKLL,1
VAKLLAKALKKLL,1
KKKKKEGKKQ,1
FALALKA,1
GCSRWIIGIHGQICRD,1
LPKWKVFKKIEKVGRNIRNGIVKAGPAIAVLGEAKALG,1
AMVGT,1
KAAKKAWKAAKKAWKAAKKAA,1
GLFKVLGSVAKHLLPHVAPVIAEK,1
AAWKWAWAKKWAKAKKWAKAA,1
FDIVKKVVGTIAGL,1
RRRRRNWMWC,1
ATPATPTVAQFVIQGSTICLVC,1
FAKLLAKALKKFL,1
DQYKCLQHGGFCLRSSCPSNTKLQGTCKPDKPNCCKS,1
PRAWEYWLRLME,1
ATRSYGNGVYCNNSKCWVNWGEAKENIAGIVISGWASGLAGMGH,1
ERRP,1
KWKSFLKTFKSLKKTVLHTLLKAISS,1
DKLIGSCVWGATNYTSDCNAECKRRGYKGGHCGSFWNVNCWCEE,1
ACDCRGDCFCGGGGIVRRADRAAVP,1
FIITGLVRGLTKLF,1
ATCDLLSGIGVQHSACALHCVFRGNRGGYCTGKGICVCRN,1
KWKFKKIPKFLHLAKKF,1
FFPMLAGVAARVVPKVICLITKKC,1
GLFDVIKKVASVIGGL,1
KILRGVAKKIMRTFLRRISKKILTGKK,1
TRSSRAGLQFPVGRVHRLLRK,1
GNFRYLAPP,1
KRFKQDGGASHASPASS,1
YSL,1
FLPAIVGAAAKFLPKIFCAISKKC,1
FASLLGKALKALAKQ,1
FVKLKKILNIINSIFKK,1
FAKLLAKALKLKL,1
ALFSILRGLKKLGNMGQAFVNCKIYKKC,1
FAKGVGKVGKKAL,1
GLLGLLGSVVSHVLPAITQHL,1
FLPIIGKLLSGLL,1
FLSLIPSLVGGSISAFK,1
FAKLLALALKLKL,1
WKKIPKFLHLAKKF,1
FAKKLAKKLKKLAKKLIGAVLKV,1
ALWKTIIKGAGKMIGSLAKNLLGSQAQPES,1
GASCGETCFTGICFTAGCSCNPWPTCTRN,1
FKLFKKIPKFLHLAKKF,1
FAKKLAKKLKKLAKKLAKLALAL,1
FAKLLAKLAKLKL,1
MRGIRGADFQAFQQARAVGLAGTFR,1
FAKLLFKALKKAL,1
FALALKAKKL,1
CYTQYRKCQELTA,1
GLPVCGETCFGGTCNTPGCSCTWPICTRD,1
ATYYGNGLYCNKEKCWVDWNQAKGEIGKIIVNGWVNHGPWAPRR,1
FAKKLAKLAKKLAKAL,1
GCWSTVLGGLKKFAKGGLEAIVNPK,1
CGESCVFIPCITSVAGCSCKSKVCYRNGIP,1
FLPLLASLFSRLL,1
GFGCPLDQMQCHRHCQTITGRSGGYCSGPLKLTCTCYR,1
FLPKTLRKFFCRIRGGRCAVLNCLGKEEQIGRCSNSGRKCCRKKK,1
KWKKLAKKW,1
FAKKLAKLAKKALAL,1
GFGSLFKFLAKKVAKTVAKQAAKQGAKYIANKQTE,1
FLGALFKVASKVLPSVKCAITKKC,1
GIACGESCVFLGCFIPGCSCKSKVCYFN,1
FAKKLAKKLKKLAKLALAL,1
FWGHIWNAVKRVGANALHGAVTGALS,1
FALAKLAKKAKAKLKKALKAL,1
KSCCPSTTARNIYNTCRLTGASRSVCASLSGCKIISGSTCDSGWNH,1
AFGMALKLLKKVL,1
FAKLLAKKLL,1
ATAVDFGPHGLLPIRPIRIRPLCGKDKS,1
YAKLLAKLAKKAL,1
FAKKLAKLAKKLAKLALAL,1
KQLIRFLKRLDRNGGGKLLLKLLKKLLKLLKKK,1
GKWKKILGHLIR,1
DEVD,1
VNWKKLLGKLLKVVK,1
EKKPPRPPQWAVGHFM,1
KWKLFKKISKFLHLAKKF,1
KWKLFKKILKFLHLAKKF,1
ALWKNMLKGIGKLAGQAALGAVKTLVGA,1
PAWFKARRWAWRMLKKAA,1
KSCCKNTTGRNIYNTCRFAGGSRERCAKLSGCKIISASTCPSDYPK,1
FITLLLRKFICSITKKC,1
GFGCPNDYPCHRHCKSIPGRAGGYCGGAHRLRCTCYR,1
FLPLLLAGLPLKLCFLFKKC,1
CHHNLTHAC,1
FLPLIAGLIGKLF,1
GLPVCGETCVGGTCNTPGCSCSWPVCTRN,1
GLFAVIKKVAAVIKKL,1
CIWVSDGKKLWRH,1
KVKVKVKVPPTKVKVKVK,1
GIIKKIIKKI,1
MWKWFHNVLSSWQLLADKRPARDYNRK,1
APGNKAECEREKGYCGFLKCSFPFVVSGKCSRFFFCCKNIW,1
FLPILAGLAAKIVPKLFCLATKKC,1
GFFKKAWRKVKHAGRRVLDTAKGVGRHYVNNWLNRYR,1
PAWRKAFRKAWRMLKKAA,1
VNWKKVLGKIIKVAK,1
AREASKSLIGTASCTCRRAWICRWGERHSGKCIDQKGSTYRLCCRR,1
LLAGLAANFLPTIICKISYKC,1
LKKLLKWLLKLLK,0
SFLTSFKDMAIKVAKDAGVNILNTISCKIFKTC,0
NSGGAAVVAALGCAAGGVKYGRLLGPWGAAIG,0
NIPQLTPTP,0
SFLSTFKELAINAAKNAGQSLLHTLSCKLDKTC,0
DPVTCLKNGAICHPVFCPRRYKQIGTCGLPGTKCCK,0
SNDSLWYGVGQFMGKQANCITNHPVKHMIIPGYCLSKILG,0
LFGFLIPLLPHIIGAIPQVIGAIR,0
WLGSALKIGAKLLPSVVGLFKKKKQ,0
RWKVFKKIEKMGRNIRDGIVKAGPAIEVLGSAKALGK,0
TLYRRFLCKKMKGRCETACLSFEKKIGTCRADLTPLCCKEKKKH,0
KWKSFKKKLTSKFLHSAKKF,0
ASGWVCTLTIECGTVICAC,0
NIWKKIASIAKEVLKAL,0
KPWERL,0
ALWKTMLKKLGTVALHAGKAALGAAADTISQGA,0
RRAAVVLIVIRR,0
DLFQVIKEKLKELTGGVIEGIQGV,0
RWKVFKKIEKVGRNIRDGVIKAAPAIEVLGQAKAL,0
CIKNGNGCQPNGSQGNCCSGYCHKQPGWVAGYCRRK,0
KKSYPEYGSLDLRKECKMRRGHCKLQCSEKELRISFCIRPGTHCCM,0
GLLSGILGAGKHIVCGLSGLR,0
FTLKKSLLVLFFLGTISLSLCQEERAADEEDNGEVEE,0
GLLDTIKNMALNAAKSAGVSVLNTLSCKLSKTC,0
AALRGALRAVARVGKAILPHVAIANPYVRTPYVHNNP,0
IASKFICTPGCAKTGSFNSYCC,0
LLKLLKWLLKLLK,0
ITSISLCTPGCKTGALMGCNMKTATCNCSIHVSK,0
AALRGCWTKSIPPKPCSGKR,0
SLGVTLGAAGVYTATQTIATQIWKCGAVLTTSAECSRTGKSC,0
IGPDTKKCVQRKNACHYFECPWLYYSVGTCYKGKGKCCQKRY,0
FLPMLAGLAANFLPKIVCKITKKC,0
INWSSIFEKVKNLV,0
GIFSKISGKAIKNLFIKGAENVGKHVGIDVVRTGIDVVGCKIKGEC,0
GLFGKILGVGKKVLCGLSGMC,0
KVHGSLARAGK,0
GIMDTVKNAAKDLAGQLLDKLKCKITAC,0
GVLSNVIGYLKKLGTGALNAVLKQ,0
INWLKLGKMVIDAL,0
GINSLSSEMHKKCYKNGICRLECYESEMLVAYCMFQLECCVKGNPAP,0
INMKASAAVAKKLL,0
RLKLLLRLK,0
GLFLDTLKGAAKDVAGKLLEGLKCKIAGCKP,0
RFIYMKGFGKPRFGKR,0
SIFAFQDESPSAIAQAKLFK,0
GIPCGESCVFIPCITGIAGCSCKSKVCYRN,0
KTCENLANTYRGPCFTTGSCDDHCKNKEHLRSGRCRDDFRCWCTRNC,0
GLFSILKGVGKIALKGLAKNMGKMGLDLVSCKISKEC,0
SSMKLSFRARAYGFRGPGPQL,0
RSNKGFNFMVDMIQALSK,0
RLCRIVVIRVCR,0
KPYCSCKWRCGIGEEEKGICHKFPIVTYVCCRRP,0
KWKLFKKGIGAVLKV,0
TTPLCVGVIIGLTTSIKICK,0
STIVCVSLRICNWSLRFCPSFKVRCPM,0
RVCMAIPLPLCH,0
ITSFSLCTPGCAKTGSFNSYCC,0
ACQFWSCNSSCISRGYRQGYCWGIQYKYCQCQ,0
FDIMGLIKKVAGAL,0
FTMKKSPLLLFFLGTISLSLC,0
LLGDFFRKAKEKIGKEFKRIVQR,0
GVLDILKGAAKDLAGH,0
RWRWRW,0
GTQRCWNLYGKCRHRCSKKERVYVYCVNNKMCCVKPKYQPKERWWRF,0
GILDTLKNLAKTAGKGALQGLVKMASCKLSGQC,0
AILTTLANWARKFL,0
MAADIISTIGDLVKLIINTVKKFQK,0
VGECVRGRCPSGMCCSQFGYCGKGPKYCGR,0
RLARRVVIRVAR,0
VARGWKRKCPLFGKGG,0
FFPIVGKRLYGLL,0
VIDDLKKVAKKVRRELLCKKHHKKLN,0
INWLKLGKKLLSAL,0
INWLKLGKAIIDAL,0
QSINNPITCLTKGGVCWGPCTGGFRQIGTCGLPRVRCCKKK,0
KWKSFIKKLTSKFLHLAKKF,0
SLWENFKNAGKQFILNILDKIRCRVAGGCRT,0
LRDLKCFCRRKSCNWGEGIMGICKKRYGSPILCCR,0
SVLGKSVAKHLPHVVPVIAEKT,0
DDDQVEVQQEVKRGFLSTVKNLATNVAGTVIDTLKCKVTGGCRT,0
QESKKGILLKPKTCNTNADCAKFCKGPIQNCLYHTCACVPGNPHCC,0
QRPYTQPLIYYPPPPTPPRIYRA,0
QEAQSVACTSYYCSKFCGSAGCSLYGCYLLHPGKICYCLHCSR,0
SLGSFLKGVGTTLASVGKVVSDQFGKLLQAGQ,0
SMWSGMWRRKLKKLRNALKKKLKGE,0
FIKELLPHLSGIIDSVANAIK,0
GLLGSLFGAGKKVACALSGLC,0
RPRCWIKIKFRCKSLKF,0
VAGPFRIPPLRREFQ,0
GFWGKLWEGVKNAI,0
GLRSKIWLWVLLMIWQESNKFKKM,0
GILDSLKNLAKNAAQILLNKASCKLSGQC,0
IIGPVLGLVGKPLESLLE,0
QCVGTITLDQSDDLFDLNCNELQSVR,0
DTTFCRCRVSCNILEKYSGKCELSGRTARICC,0
ATAWDFGPHGLLPIRPIRIRPLCGKDKS,0
ALLDKLKSLGKVVGKVAIGVAQHYLNPQ,0
APRKNVRW,0
VTCFCRRRGCASRERHIGYCRFGNTIYRLCCRR,0
WKPFKKIEKAVRRVRDGVAKAGPAVAVVGQAT,0
ATCDLASKWNWNHTLCAAHCIARRYRGGYCNSKAVCVCR,0
GLLGAMFKVASKVLPHVVPAITEHF,0
GILDFAKTVVGGIRNALGI,0
TGVAWRIT,0
VLPIIGNLLNSLL,0
QLKSTCRIAEAWKGAKECNAKCAALGTTRGGVCQKFLGDLYCCCWD,0
MFFSSKKCKTVSKTFRGPCVRNA,0
RQRDPQQQYEQCQERCQRHETEPRHMQTCQQRCERRYEKEKRKQQKR,0
VQLRIRVRVIRK,0
GIGGALLSAGKAALKGLAKGFAEHF,0
ATCDALSFSSKWLTVNHSACAIHCLTKGYKGGRCVNTICNCRN,0
DQYRCLQNGGFCLRSSCPSHTKLQGTCKPDKPNCCRS,0
GSKKPVPIIYCNRRTGKCQR,0
AVVNGVNYVGETTAA,0
FLANQECFSEYRHCRMKCKANEYAIRYCADWTICCRVKKREAKKKIMW,0
RRICRCRIGRCLGLEVYFGVCFLHGRLARRCCR,0
ANFEIVNNCPYTVWAAASPGGGRRLDRGQT,0
SPIHACRYQRGVCIPGPCRWPYYRVGSCGSGLKSCCVRNRWA,0
GVFTLIKGATQLIGKTLGKELGKTGLELMACKITEQC,0
ILPILGNLLNSLL,0
FLSTALKVAANVVPTLFCKITKKC,0
GVLDTFKDVAIGVAKGAGTGVLKALLCKLDKSC,0
MGALIKTGAKIIGSGAAGGLGTYIGHKILGK,0
GNRPVYIPPPRPPHPRL,0
IDWLKLGKMVIDAL,0
GLGKAQCAALWLQCASGGTIGCGGGAVACQNYRQFCR,0
GIFTFEDESTTTVAPAKLYK,0
QTCASRCPRPCNAGLCCSIYGYCGSGAAYCGAGNCRCQCRG,0
RKFHEKHHSHRGYR,0
PRCPPCPRCSWCPRCPTCPRCNCNPK,0
LKWLLKWLK,0
FIGAILPAIAGLVGGLINR,0
GVFLDALKKFAKGGMNAVLNPK,0
SYVGDCGSNGGSCVSSYCPYGNRLNYFCPLGRTCCRRSY,0
IIGVSEMERCHKKGGYCYFYCFSSHKKIGSCFPEWPRCCKNIK,0
RKCLRWQWAMRKYGG,0
GLPVCGETCFGGTCNTPGCTCSYPICTRN,0
GIIDIAKKLVGGIRNVLGI,0
GPGKWLPWLQPAYDFVTGLAKGIGKEGNKNKWKNV,0
FLPAVIRVAANVLPTVFCAISKKC,0
ASVVKTTIKASKKLCKGATLTCGCNITGKK,0
IRNSLTCRFNFGICLPKRCPGRMRQIGTCF,0
GFGCPNNYQCHRHCKSIPGRCGGYCGGWHRLRCTCYRC,0
ILPIIGKILSTIF,0
ATCDLFSFRSKWVTPNHAGCAAHCIFLGNRGGRCVGTVCHCRK,0
FLPLIGKVLSGIL,0
GLFSKFAGKGIVNFLIEGVE,0
GLLSGILNTAGGLLGNLIGSLSNGES,0
FTCAISCDIKVNGKPCKGSGEKKCSGGWSCKFNVCVKV,0
KEKLKLKCKAPKCYNDKLACT,0
TTHSGKYYGNGVYCTKNKCTVDWAKATTCIAGMSIGGFLGGAIPGKC,0
KINWGNVGGSCVGGAVIGGALGGLGGAGGGCITGAIGSIWDQW,0
DEKGPKWKR,0
KWKWKWKWKW,0
GLWQKIKDKASELVSGIVEGVK,0
SIGSAFKKALPVAKKIGKAALPIAKAALP,0
KYYGNGVSCNKKGCSVDWGKAIGIIGNNSAANLATGGAAGWSK,0
GKIPVKAIKQAGKVIGKGLRAINIAGTTHDVVSFFRPKKKKH,0
GLMDMVKGAAKNLFASALDTLKCKITGC,0
RRIIIRWRRI,0
GTTVVNSTFSIVLGNKGYICTVTVECMRNCSK,0
EMHKKCYKNGICRLECYESEMLVAYCMFQLECCVKGNPAP,0
HGPDSCNHDRGLCRVGNCNPGEYLAKYCFEPVILCCKPLSPTPTKT,0
TPCGESCVYIPCISGVIGCSCTDKVCYLN,0
GLLKRIKTLL,0
FLPLLAGLAANFLPKLFCKITRKC,0
GLWSKIKETGKEAAKAAGKAALNKIAEAV,0
KWLKKWL,0
AHCLAIGRK,0
LFCKGGSCHFGGCPSHLIKVGSCFGFRSCCKWPWNA,0
MPCSCKKYCDPWEVIDGSCGLFNSKYICCREK,0
ALWKDILKNAGKAALNEINQIVQ,0
GFSSLFKAGAKYLLKSVGKAGAQQLACKAANNCA,0
KKINNPVSCLRKGGRCWNRCIGNTRQIGSCGVPFLKCCKRK,0
GLWNTKLEAGLLFAMGKLDLKRCLKAGGC,0
LSCKRGTCHFGRCPSHLIKGSCSGG,0
SIPCGESCVFIPCTVTALLGCSCKSKVCYKN,0
RVCSAIPLPICH,0
MTAQGNKPSSHDVITGRWTPSAADRAAGRVSGFGVITNIINGGLDC,0
YENPYGCPTDEGKCFDRCNDSEFEGGYCGGSYRATCVCYRT,0
FKTWKRPPFQTSCWGIIKE,0
SGISGPLSCGRNGGVCIPIRCPVPMRQIGTCFGRPVKCCRSW,0
SDYSRKRDPPQKYEEE,0
GIFSTVFKAGKGIVCGLTGLC,0
ENDHRMPYELNRPNNLSKGGAKCGAAIA,0
GDPTFCGETCRVIPVCTYSAALGCTCDDRSDGLCKRN,0
GLMDTVKNAAKNLAGQLLDTIKCKMTGC,0
NEEEKVKWEPDVP,0
KRIVQRIKDFLRNLVPRTES,0
DKLIGSCVWGAVNYTSDCNGECLLRGYKGGHCGSFANVNCWCET,0
GLLDTFKNLALNAAKSAGVSVLNSLSCKLSKTC,0
RDCRSQSKTFVGLCVSDTNCASVCLTEHFPGGKCDGYRRCFCTKDC,0
QPWLPFR,0
GLWKSLLKNVGKAAGKAALNAVTDMVNQS,0
RIIDLLWRVRRPQKPKFVTVWVR,0
GLWNSIKIAGKKLFVNVLDKIRCKVAGGCKTSPDVE,0
FLPIVAGLAANFLPKIVCKITKKC,0
FLPIIAGIAAKVFPKIFCAISKKC,0
SLQYVMSAGPYTWYKDTRTGKTICKQTIDTASYTFGVMAEGWGKTFH,0
INWKKIKSIIKAAMN,0
SDCNINSNTAADVILCFNQVGSCALCSPTLVGGPVP,0
APVPFSCTRGCLTHLV,0
RQRDPQQQYEQCQKHCQRRETEPRHMQTCQQRCERRYEKEKRKQQKR,0
APRRQLKW,0
DIGGSRQGCVA,0
QRFSQPTFKLPQGRLTLSRKF,0
SVSCLRNKGVCMPGKCAPKMKQIGTCGMPQVKCCKRK,0
ILPFVAGVAAMEMEHVYCAASKKC,0
QETCHDLIMKRDCDEATCVNMCQQKWKGSGGSCFQNFNVMSCICNFPCQV,0
ILGPVLGLVSNALGGLIKKI,0
HEPCGESCVFIPCITTVVGCSCKNKVCYN,0
GLKDKFKSMGEKLKQYIQTWKAKF,0
SRWPSPGRPRPFPGRPKPIFRPRPCNCYAPPCPCDRW,0
RVCRRRSAGFKGVCMSDHNCAQVCLQEGYGGGNCDGIMRQCKCIRQC,0
AISCGQVSSAIGPCLSYARGQGSAPSAGCC,0
SMSGFSKPHD,0
GFKDWIKGAAKKLIKTVAANIANQ,0
NWYVKKCLNDVGICKKKCKPEELHVKNGRAMCGKQRDCCVPAD,0
VFGTLGSTDDSLFGRYKQDIFNDHRGHLQGQAYGSR,0
FKCRRWQWRAKKLGA,0
SIYERCELARELINR,0
GKREKCLRRNGFCAFLKCPTLSVISGTCSRFQVCC,0
VLSIVACSSGCGSGKTAASCVETCGNRCFTNVGSLC,0
RKFHEKHHSHRGYRSNYLYDN,0
GGTIFDCGESCFLGTCYTKGCSCGEWKLCYGTN,0
GFLDTLKNMALNAAKGAGGSVLKALFCKLFKTC,0
MDVVRTLILCVCLFGLTFA,0
GFWKKVGSAAWGGVKAAAKGAAVGGLNALAKHIQ,0
GICRCLCRRGVCRCICVL,0
GRFRRLRKKTRKRLKKIGKV,0
KWKLFKKLKVLTTGL,0
AVDLAKIANIANKVLSSLFGK,0
EALYNSEDLYEETSDSDD,0
ALFSILRGLKKLGKMGQAFVNCEIYKKC,0
SWLSKTYKKLENSAKKRISEGVAIAILGGLR,0
GIGASILSAGKSALKGFAKGLAEHFAN,0
GIGAAILSAGKSALKGLAKGLAEHF,0
QSISCAESCVWIPCATSLIGCSCVNSRCIYSK,0
KRKCPKTPFDNTPGAWFAHLILGC,0
LGWGRRCPQCPRCPSCPSCPRCPRCPRCKCNPK,0
GLLDTFKNLAINAAESAGVSVLNSLSCKLSKTC,0
LRDLVCYCRKRGCKRRERMNGTCRKGHLMYTLCCR,0
GTQRCWNLYGKCRYRCSKKERVYVYCINNKMCCVKPKYQPKERWWPF,0
TNYGNGVGVPDAIMAGIIKLIFIFNIRQGYNFGKKAT,0
GLLDVVKGAAKNLLASALDKLKCKVTGC,0
FLPMLAGLAANFLPKLFCKITKKC,0
SASVLKTSIKVSKKYCKGVTLTCGCNITGGK,0
GLWQKIKNAAGDLASGIVEGIKS,0
GIFSLVKGAAKLAGKGLAKEGGKFGLELIACKIAKQC,0
RIWVIRWR,0
FLSLIPHAINAVSAIAKHN,0
GVFTFEDESTSTVAPAKLYK,0
RFRPPIRRPPIRPPFRPPFRPPVRPPIRPPFRPPFRPPIGPFP,0
GLFSVVTGVLKAVGKNVAGSLLEQLKCKISGGC,0
GTIPCGESCVFIPCLTSALGCSCKSKVCYKN,0
GFLSTVKNLATNVAGTVLDTIRCKVTGGCRP,0
GLWNSIKIAGKKLFVNVLDKIRSKVAGGS,0
GLRSKIKEAAKTAGKMALGFVNDMA,0
IDWKKVDWKKVSKKTCKVMLKACKFL,0
CFKFKFKFGSGFKFKFKFC,0
FLPAVLRVAAKVVPTVFCLISKKC,0
TVVTNA,0
DKLIGSCVWGAVNYTSNCNAECKRRGYKGGHCGSFLNVNCWCET,0
NNEAQCEQAGGICSKDHCFHLHTRAFGHCQRGVPCCRTVYD,0
PPCPSCLSCPWCPRCLRCPMCKCNPK,0
FFPTIAGLTKLFCAITKKC,0
GGGVIQTISHECRMNSWQFLFTCCS,0
LRDLVCYCRKRGCKRREHINGTCRKGHLLYMLCCR,0
VFIDILDKMENAIHKAAQAGIGIAKPIENMILPKLTK,0
GRKSDCFRKSGFCAFLKCPSLTLISGKCSRFYLCCKRIWG,0
CVKCKCKCGSGVKVKVKVC,0
GIFNVFKGALKTAGKHVAGSLLNQLKCKVSGEC,0
YPGPQAKEDSEGPSQGPASREK,0
GFMDTAKNVAKNMAVTLLDNLKCKITKAC,0
GLPGKKNVLKKSRESSGKPGGTNKKPF,0
SLFSLIKAGAKFLGKNLLKQGACYAACKASKQC,0
RAEAVPPGFTPFRKP,0
NRWTNAYSAALGCAVPGVKYGKKLGGVWGAVIGGVGGAAVCGLAGYVRKG,0
GLWSTIKQKGKEAAIAAAKAAGQAALGAL,0
IIGHLIKTALGFLGL,0
GTPGFQTPDARVISRFGFN,0
GIFPKIIGKGIVNGIKSLAKGVGMKVFKAGLNNIGNTGCNNRDEC,0
HSSGYTRPLPKPSRPIFIRPIGCDVCYGIPSSTARLCCFRYGDCCHR,0
GILLDKLKNFAKTAGKGVLQSLLNTASCKLSGQC,0
GGLKKLGKKLEGAGKRVFNAAEKALPVVAGAKAL,0
GFGCPFNQGACHRHCRSIRRRGGYCAGLIKQTCTCYRN,0
GLVTGLLKTAGKLLGDLFGSLTG,0
VGALAVVVWLWLWLW,0
LLGPVLGLVSNALGGLLKNI,0
AICKKPSKFFKGACGRDADCEKACDQENWPGGVCVPFLRCECQRSC,0
GRRRSVQWCAVSQPEATKCFQWQRNMRKVRGPPVSCIKRDSPIQCIQA,0
GGAGHVPEYFVGIGTPISFYG,0
STPVLASVAVSMELLPTASVLYSDVAGCFKYSAKHHC,0
INTWNTTATSTSIIISETFGNKGKVCTYTVECVNNCRG,0
RRWRIVVIRVRR,0
RWKVFKKIEKVGRHIRDGVIKAGPAITVVGQATAL,0
CIKNGNGCQPDGSQGNCCSRYCHKEPGWVAGYCR,0
GLVSSIGRALGGLLADVVKSKEQPA,0
RRWWRRWRRW,0
FLPAVLLVATHVLPTVFCAITRKC,0
WKKIASIGKEVLKAL,0
GATAIKQVKKLFKKWGW,0
FLPIAGKLLSGLSGLL,0
GKFSGFAKILKSIAKFFKGVGKVRKQFKEASDLDKNQ,0
FFPNVASVPGQVLKKIFCAISKKC,0
DHYNCVRSGGQCLYSACPIYTRIQGTCYHGKAKCCK,0
FVGAALKVLANVLPPVISWIKQ,0
RCICTRGFC,0
FLPIVTNLLSGLLGK,0
GFKDWIKSAAKKLIKTVASNIANQ,0
ASSGWVCTLTIECGTVICACR,0
FLPMLAGLAANFLPELFCKITKKC,0
SFLTTVKKLVTNVAALAGTVIDTIKCKITGGCRT,0
GLLSGILGAGKHIVCGLSGPCQSLNRKSSDVEYHLAKC,0
ALWKNMLSGIGKLAGQAALGAVKTLV,0
VDKPDYRPRPRPPNM,0
NLVSGLIEARKYLEQLHRKLKNCKV,0
ITSVSWCTPGCTSEGGGSGCSHCC,0
ESDTVTCRKMKGKCSFLLCPFFKRSSGTCYNGLAKCCRPFW,0
RVKRVWPLVIRTVIAGYNLYRAIKKK,0
QKIAEKFSGTRRG,0
GMASKAGAIAGKIAKVALKAL,0
LRDLVCYCRSRGCKGRERMNGTCRKGHLLYTLCCR,0
FTMKKSLLLIFFLGTISLSLCEQER,0
QKECIGPCDMFTDCQAACVGIRKGYNYGQCVAWKPKDDDPFTCCCYKLTP,0
RIWVIWRR,0
GGTIFDCGETCFLGTCYTPGCSCGNYGFCYGTN,0
GFRDVLKGAAKQFVKTVAGHIANI,0
KDRPKKPGLCPPRPQKPCVKECKNDWSCPGQQKCCNYGCIDECRDPIFVN,0
GIMDSVKNVAKNIAGQLLDKLKCKITGC,0
GWLKKIGKKIERVGQHTRDATIQGLGVAQQAANVAATAR,0
GILKKFMLHRGTKVYKMRTLSKRSH,0
MSKRDCNLMKACCAGQAVTYAIHSLLNRLGGDSSDPAGCNDIVRKYCK,0
AKKVFKRLEKLFSKIFNFK,0
SAIWFWMTPQSPK,0
SGFVLKGYTKTSQ,0
RIKRFWPVVIRTVVAGYNLYRAI,0
IAPIIVAGLGYLVKDAWDHSDQIISGFKKGWNGGRRK,0
WFYQGMNIAIYANIGGVANIIGYTEAAVATLLGAVVAVAPVVP,0
FLGGLWKAMSNLL,0
NCIQQCVSKGAQGGYCTNEKCTCY,0
KRCHLTIDKATACSLSDCRLSCYSGYNGVGKCFDDPKVAGPSNCGCIYNC,0
DHYNCVKGGGQCLYSACPIYTKVQGTCYGGKAKCCK,0
IIGLVSKGTCVLVKTVCKKVLKQG,0
GLFTLIKGAYKLDAPTVACN,0
KWKSFIKKLTSKFLHSADKF,0
SLFSLIKAGAKFLGKNLLKQGAQYAACKVSKEC,0
SIVPIRCRSNRDCRRFCGFRGGRCTYARQCLCGY,0
WNPFKELEKVGQRVRDAVISAGPAVATVAQATALAK,0
KTKLTEEEKNRLNFLKKISQRYQKFALPQYLKTVYQHQK,0
GVCDMADLA,0
VIVFVASVAAEMMQHVYCAASKKC,0
LLPIVGNLLNSLL,0
GIFSKINKKKAKTGLFNIIKTVGKEAGMDVIRAGIDTISCKIKGEC,0
FKARRWQWRMKKLGA,0
RECRSESKKFVGLCVSDTNCASVCLTERFPGGKCDGYRRCFCTKDC,0
RCRFCCRCCPRMRGCGICCRF,0
RTCASQSQRFKGKCVSDTNCENVCHNEGFPGGDCRGFRRRCFCTRNC,0
RGKRWWRRKK,0
GLKDIFKAGLGSLVKNIAAHVAN,0
FLPAIVGAAGKFLPKIFCAISKKC,0
QPFSLERW,0
GLMSTLKGAATNVAVTLLNKLQCKLTGTC,0
RWKLFKKIEKVGRNVRDGLIKAGPAIAVIGQAKSL,0
ITSHSLCTPGCAKTGSFNSFCC,0
SHQDCYEALHKCMASHSKPFSCSMKFHMCLQQQ,0
LRDLVCYCRKRGCKGRERMNGTCRKGHLLYTMCCR,0
QLINSPVTCMSYGGSCQRSCNGGFRLGGHCGHPKIRCCRRK,0
GLAGAISSALDKLKQSQLIKNYAKKLGYPR,0
RILSILRHQNLLKELQDLALQGAK,0
AVNIPFKVKFRCKAAFC,0
GLWNSIKIAGKKLFVNVLDKIRCKVAGGCKTSPDVEYHK,0
RLSRIVVIRVCR,0
LRDLVCYCRARGCKGRERMNGTCSKGHLLYMLCC,0
TVYTNA,0
ILGPVIKTIGGVIGGLLKNL,0
ATCDILSFQSQWVTPNHAGCALHCVIKGYKGGQCKITVCHCRR,0
GIGAAILSAGKSIIKGLANGLAEHF,0
GFSSIFRGVAKFASKGLGKDLARLGVNLVACKISKQC,0
GLLSGLKKVGKHVAKNVAVSLMDSLKCKISGDC,0
EFKRCWKGQGACQTYCTRQETYMHLCPDASLCCLSYALKPPPVPKHEYE,0
LIGSLFRGAKAIFRGARQGWRSHKAVSRYRARYVRRPVIYYHRVYP,0
QDRPKKPGLCPPRPQKPCVKECKNDWSCPGQQKCCNYGCIDECRDPIFVN,0
GFMDTAKNVAKNVAATLLDKLKCKITGGC,0
IFGAILPLALGALKNLIK,0
ILGAILPLVSGLLSNKL,0
SVFAFQDESTSTIAQARLFI,0
GICACRRRFCLNFEQFSGYCRVNGARYVRCCSRR,0
ANKCIIDCMKVKTTCGDECKGAGFKTGGCALPPDIMKCCHNC,0
KLLKWLLK,0
EKYTEAPEYI,0
QAFKTFTPDWNKIRNDAKRMQDNLEQMKKRFNLNL,0
GLFSVLGSVAKHLLPHVVPVIAEKL,0
KWKSFINKLTSKFLHSAKKF,0
INLKAIAALAKKLLG,0
INWKKIFESVKNLV,0
LLGDFFRKAREKIGEEFKRIVQRIKDFLRNLVPRTES,0
FLSGIVGMLGKLFGK,0
FVPYNPPRPGQSKPFPSFPGHGPFNPKIQWPYPLPNPGH,0
GIPCGESCVYIPCLTSAIGCSCKSKVCYRN,0
GFWGSLWEGVKSVV,0
ARIQESTNDILKPITCNTNADCAKFCKGPIHNCVYHTCQCVPGNPHCC,0
KLLKWLKKLLK,0
GLLGGLLGPLLGGGGGGGGGLL,0
GNNRPVYIPQPRPPHPRI,0
KSCCRSTLGRNCYNLCRVRGAQKLCANACRCKLTSGLKCPSSFPK,0
GVIAAAKKVVNVLKNLF,0
ESEFDRQEYEECKRQCMQLETSGQMRRCVSQCDKRFEEDIDWSKYDNQE,0
ANCSCSTASDYCPILTFCTTGTACSYTPTGCGTGWVYCACNGNFY,0
QYGRRCCNWGPGRRYCKRWC,0
GIVDFAKGVLGKIKNVLGI,0
RRCICTTRTCRFPYRRLGTCIFQNRVYTFCC,0
GIFLDKLKNFAKGVAQSLLNKASCKLSGQC,0
RRWKIVVIRWRR,0
KTHYPTNAWKSLWKGFWESLRYTDGF,0
LFGFLIKLIPSLFGALSNIGRNRNQ,0
FFSLIPSLIGGLVFAIK,0
EQPGGDKVNLGYFTN,0
FLSLIPHAINAVSALVHHF,0
LFGLIPSMMGGLVSAFK,0
YVSCLFRGARCRVYSGRSCCFGYYCRRDFPGSIFGTCSRRNF,0
QRFIHPTYRPPPQPRRPVIMRA,0
GGYYCPFFQDKCHRHCRSFGRKAGYCGGFLKKTCICV,0
ATCDLLSGFGVGDSACAAHCIARRNRGGYCNAKTVCVC,0
NWRKILGKIAKVAAGLLGSMLAGYQV,0
EGPVGLADPDGPASAPLGAP,0
VLSHNNESSYSDTSSCTSQ,0
FKCRRWQWR,0
NKGCAICSIGAACLVDGPIPDFEIAGATGLFGLWG,0
GWKSVFRKAKKVGKTVGGLALDHYLG,0
FKCARWQWRMKKLGA,0
RNKLAYNMGHYAGKATIFGLAAWALLA,0
SCNCVCGVCCSCSP,0
FLPLIASLAANFVPKIFCKITKKC,0
GLFDIIKKVASVVGLASP,0
LNLKGIFKKVASLLT,0
ALLHHGLNCAKGVLA,0
GLMSVLKGVLKTAGKHIFKNVGGSLLDQAKCKITGQC,0
GYGCPFNQYQCHSHCRGIRGYKGGYCTGRFKQTCKCY,0
FTMKKSLLFIFFLGTISLSLC,0
LLDVLLE,0
FLPLLAGVVANFLPQIICKIARKC,0
RTCESQSHRFHGTCVRESNCASVCQTEGFIGGNCRAFRRRCFCTRNC,0
GLGSILGKILNVAGKVGKTIGKVADAVGNKE,0
ESGINLQGDATLANN,0
QLKKCWNNYVQGHCRKICRVNEVPEALCENGRYCCLNIKELEAC,0
FFPLIAGLAANFLPQILCKIARKC,0
RYCPRNPEACYNYCLRTGRPGGYCGGRSRITCFCFR,0
SIITMTREAKLPQLWKQIACRLYNTC,0
SGRGKTGGKARAKAKTRSSRAGLQFPVGRVHRLLR,0
GLLSSLSSVA,0
GILSTIKDFAIKAGKGAAKGLLEMASCKLSGQC,0
RDCESDSHKFHGACFSDTNCANVCQTEGFTAGKCVGVQRHCHCTKDC,0
DCTRWIIGINGRICRD,0
GAPICGESCFTGKCYTVQCSCSWPVCTRN,0
ALWKTLLKKVGKVAGKAVLNAVTNMANQNEQ,0
GIINMLQKSYCKIRKGRCALLGCLPKEEQIGSCSVSGRKCCRKKK,0
APRWKFGKRLEKLGRNVFRAAKKALPVIAGYKAL,0
HFLGKLVNLAKKIL,0
SVLGTVKDLLIGAGKSAAQSVLTTLSCKLSNSC,0
GWLRKAAKSVGKFYYKHKYYIKAAWKIGRHAL,0
SAVGRHGRRFGLRKHRKH,0
SISCGESCAMISFCFTEVIGCSCKNKVCYLN,0
ALWKDVLKKIGTVALHAGKAALGAVADTISQ,0
FWATLAKGALKLIPTIANAFSSKS,0
FLFSLIPHAISGLISAFK,0
RVCESQSHGFKGACTGDHNCALVCRNEGFSGGNCRGFRRRCFCTLKC,0
DLPECCSATELELDSGKQTS,0
TSRCYIGYRRKVVCS,0
KIKWFKTMKSIAKFIAKEQMKKHLGGE,0
RQRDPQQQYEQCQKHCQRRETEPRHMQTCQQRCERRYEKEKRKQQ,0
GSRYLCTPGSCWKLVCFTTTVK,0
KWLLKWL,0
GVVTDLLNTAGGLLGNLVGSLSG,0
SIGTAVKKAVPIAKKVGKVAIPIAKAVLSVVGQLVG,0
GLLNTFKDWAISIAKGAGKGVLTTLSCKLDKSC,0
QGVRNRLSCHRNKGVCVPSRCPRHMRQIGTCRGPPVKCCRKK,0
SALVGCWTKSWPPKPCFGRG,0
LDTIKCLQGNNNCHIQKCPWFLLQVSTCYKGKGRCCQKRRWFARSHVYHV,0
FLPVILPVIGKLLNGIL,0
GWLKKLGKRIERIGQHTRDATIQGLGIAQQAANVAATAR,0
KNLRRIIRKIIHIIKKYG,0
ALRLAIRKR,0
SFPFFPPGICKRLKRC,0
QTCASRCPRPCNAGLCCSIYGYCGSGNAYCGAGNCRCQCRG,0
KKLLKWLLKLL,0
KINWGSVGGSCVGGAVIGGALGGLGGAGGGCLTGAIGSIWDQW,0
SLLGTVKDLLIGAGKSAAQSVLKGLSGKLSKDC,0
GLFSKFNKKKIKSGLIKIIKTAGKEAGLEALRTGIDVIGCKIKGEC,0
CPAIQRCCQQLRNIQPPCRCCQ,0
RVKRFWPLVPVAINTVAAGINLYKAIRRK,0
GLNTLKKVFQGLHEAIKLINNHVQ,0
KWKLFKKAVLKVLTT,0
KKKSGVIPTVSHDCHMNSFQFVFTCCS,0
FDNPFGCPADEGKCFDHCNNKAYDIGYCGGSYRATCVCYRK,0
MTPFWRGVSLRPIGASCRDDSECITRLCKKRRCSLSVAQE,0
RLKELITTGGQKIGEKIRRIGQRIKDFFKNLQPREEKS,0
GLLSGILGAGKNIVCGLSGLC,0
GLLNGLALRLGKRALKKIIKRLCR,0
GIGTKIIGGLKTAVKGALKELASTYVN,0
GLFRRLRDSIRRGQQKILEKARRIGERIKDIFRG,0
ATKVKAKQRGKEKVSSGRPGQHN,0
GLWKSLLKNVGKAAGKAALNAVTDMVNQA,0
GIFSKLAGKKLKNLLISGLKSVGKEVGMDVVRTGIDIAGCKIKGEC,0
WNDTGKDADGAEY,0
FKTWKRPPFQTSCSGIIKE,0
KWKSFIKKLASKFLHSAKKF,0
GLFDVIKKVASVIGLASP,0
RISFKKGKGSWIKNGLIKGIKGLGKEISLDVIRTGIDIAGCKIKGEC,0
RLSRIVVIRVSR,0
GWLRKLGKKIERIGQHTRDASIQVLGIAQQAANVAATAR,0
GNGVLKTISHECNMNTWQFLFTCC,0
GIMRVFKGVLKTAGKSVAKNVAGSFLDRLKCKISGGC,0
FLPLLAGLAANFLPKIFCKITKKC,0
GKIPVKAIKKAGAAIGKGLRAINIASTAHDVYSFFKPKHKKK,0
LPVNEAQCRQVGGYCGLRICNFPSRFLGLCTRNHPCCSRVWV,0
DKLIGSCVWGAVNYTSRCNAECKRRGYKGGHCGSFANVNCWCET,0
KGIGSALKKGGKIIKGGLGALGAIGTGQQVYEHVQNRQ,0
KKCRERGGQCHSGVCSWNEKFIGFCSFARPCC,0
ILGKILKGIKKLF,0
INLLKIAKGIIKSL,0
INWKKIFEKVKDLV,0
DYHHGVRVL,0
RIKRFWPVVIRTVVAGY,0
GIGALSAKGALKGLAKGLAEHFAN,0
VFIDILDKMENAIHKAAQAGIGLAKPIENMILPK,0
KWLKKLLKKLL,0
GIFGKILGVGKKVLCGLSGVC,0
YPASMDNYDDALEELDNLDLDDYFDLEPADFVLLDMWANMLESSDFDDME,0
KRKKHRCRVYNNGMPTGMYRWC,0
SVMGTVKDLLIGAGKSAAQSVLKSLSCKLSNDC,0
IDWKKIFEKVKNLV,0
GLLKPLLKIAAKVGSNLL,0
ADDRNPLEECFRETDYEEFLEIARNGLKKT,0
ILSAIWSGIKS,0
FLPPSPWKETFRTT,0
GGLKKFGKKLEGVGKRVFKASEKALPVVTGFKAL,0
FLGLIFHGLVHAGKLIHGLIHRNRG,0
GLLDFAKHVIGIASKLG,0
KVFLGLK,0
FLPKLFAKITKKNMAHIR,0
ILSAIWSGIKGLL,0
GMSGYIQGIPDFLKGYLHGISAANKHKKGRL,0
ILGKILEGIKSLF,0
GIFTKINKKKAKTGVFNIIKTIGKEAGMDVIRAGIDTISCKIKGEC,0
GLFSKFAGKGIKDLIFKGVKHIGKEVGMDVIRVGIDVAGCKIKGVC,0
RGGRLCYCRPRFCVCVGR,0
VRPYLVAF,0
KVPIGAIKKGGKIIKKGLGVIGAAGTAHEVYSHVKNRQ,0
ALLLAIRKR,0
GIMDTVKNAAKDLAGQLLDKLKCRITGC,0
RGLRRLGRKIAHGVKKYGPTVLRIIRIAG,0
RLKLLLLRLK,0
FLSLIPTAINAVSALAKHF,0
GSPIQCAETCFIGKCYTEELGCTCTAFLCMKN,0
LTVRAAQSFGRCNQKQCDADCVKKGYFGGLCTLTSCFCTGSRS,0
KPWERE,0
GGLKKLGKKLEGAGKRVFKASEKALPVVVGIKAIGK,0
GIGCGESCVWIPCVSAAIGCSCSNKICYRN,0
GILGNIVGMGKKIVCGLSGLC,0
FLGGLMKAFPALICAVTKKC,0
LALKSGGWLRLFGLKDKKH,0
FFGHLFRGIINVGKHIHGLLSG,0
FINLLDKVEDALHTGAQAGFKLIRPVERGATPKKSEKPEK,0
GIGSAILSAGKSALKGLAKGLAEHFAN,0
GSEIQPR,0
ILGPVIGTIGNVLGGLLKNL,0
GKIPVKAIKKGGQIIGKALRGINIASTAHDIISQFKPKKKKNH,0
FPMKKSLLLIFFLGTINLSFCEEERNAEEEKRDGDDEMDVEVQKR,0
FDITKLNIKKLTKATCKVISKGASMCKVLFDKKKQE,0
GIMDTVKNAAKDLAGQLDKLKCRITGC,0
GIFSKISGKAIKNLFIKGAKNVGKEVGIDVVRTGMDVVGCKIKGEC,0
INWKGIAAMAKKLL,0
GLISGILGVGKMLVCGLSGLC,0
GIGASILSAGKSALKGLAKGLAEHFAN,0
GVIPCGESCVFIPCISAAIGCSCKNKVCYRN,0
YVPLPNVPQPGRRPFPTFPGQGPFNPKIKWPQGY,0
ALWKTLLKGAGKVFGHVAKQFLGSQGQPES,0
YPASYDDDFDALDDLDDLDLDDLLDLEPADLVLLDMWANMLDSQDFEDFE,0
RRWVIWRR,0
GFMDTAKQVAKNVAVTLIDKLRCKVTGGC,0
GLFGILGSVAKHVLPHVVPVIAEHS,0
QYRHRCCAWGPGRKYCKRWC,0
SRDLICYCRKGGCNRGEQVYGTCSGRLLYCCPRR,0
NLCERASLTWTGNCGNTGHCDTQCRNWESAKHGACHKRGNWKCFCYFNC,0
SIITMTKEAKLPQLWKQIACRLYNTC,0
RECQSQSHRYKGACVHDTNCASVCQTEGFSGGKCVGFRGRCFCTKHC,0
RRWCFRVCYKGFCYRKCR,0
LKWLKKWLK,0
AHDGNPLEECFREDDEEFFLEIAKNGLTATSNPKRVVIV,0
FFSMIPKIATGIASLVKNL,0
HICHDYLEGDHCDPKDCNLDCRDKWKGTGTCEPPTGTPLTRTCYCTYDC,0
QCRRLCYKQRCVTYCRGR,0
DERCTIIIHPGSPCDPSDCVQYCYAEYNGVGKCIASKPGRSANCMCTYNC,0
GLVSGLLNTAGGLLGDLLGSLGSLSG,0
FLSLIPHAINAISAIANHF,0
KSTCKAESNTFPGLCITKPPCRKACLSEKFTDGKCSKILRRCICYKPC,0
LRDLVCYCRKRGCKRREHMNGTCRKGHLMYTLCCR,0
FLIIRRPIVLGLL,0
ILFSYLLFYVLKENSKREDKYQNIIEELTELLPKIKEDVEDIKEKLNK,0
RCTCTTIISSSSTF,0
RRLCRIVWVIRVCRR,0
GICRCICTRGFCRCICVL,0
GSNKGFNFMVDMINALSN,0
WLGSALKIGAKLLPSVVGLFQKKKK,0
KKKKQSWYAAAGDAIVSFGEGFLNAW,0
DLVCYCRARGCKGRERMNGTCRKGHLLYMLCCR,0
GLLSFLPKVIGVIGHLIHPPS,0
ATNIPFKVHFRCKAAFC,0
TTPVCAVAATAAASSAACGWVGGGIFTGVTVVVSLKHC,0
KNLRRITRKIIHIIKKYG,0
FLGSLLGLVGKIVPTLICKISKKC,0
DNGEAGRAAR,0
RVCYAIPLPICY,0
YQWQRRMRKL,0
VSGNVAARKGKQQTSSGKGGGTN,0
GNGVIKTISHECHMNTWQFIFTCCS,0
VTCDLLSFEAKGFAANHSICAAHCLVIGRKGGACQNGVCVCRN,0
IWNKIAKSIGKVLEKAL,0
GLVDVLGKVGGLIKKLLP,0
GFMNTAKNVAKNVAVTLLDNLKCKITGGC,0
SMLSVLKNLGKVGLGLVACKINKQC,0
FNRGGYNFGKSVRHVVDAIGSVAGIRGILKSIR,0
KWKSFIKKSTSKFLHSAKKF,0
LLGRCKVKSNRFNGPCLTDTHCSTVCRGEGYKGGDCHGLRRRCMCLC,0
DLDVNVFNR,0
RLARIVVIRWAR,0
IFGAIAGLLKNIF,0
KWKSFIKKLTSAAKKVVTTAKPLISS,0
RWKIFKKIEKMGRNIRDGIVKAGPAIEVLGSAKAI,0
FLPVIAGLAAKVLPKLFCAITKKC,0
TSYGNGVHCNKSKCWIDVSELETYKAGTVSNPKDILW,0
GLVASIGRALGGLLADVVKSKEQPA,0
FLPLLASLFSRLF,0
GIFDKLKNFAKGVAQSLLNKASCKLSGQC,0
RLKRMTPFWRGVSLRPVGASCRDNSECITMLCRKNRCFLRTASE,0
FLENQDCSKHRHCRMKCKANEYAVRYCEDWTICCRVKKKESKKKKMW,0
GKLQAFLAKMKEIAAQTL,0
FLPFFASLLGKLL,0
GCTQWINNIHGRICVRN,0
DCKHPVGPYTDSCFTDCVSGKYGYNYESAFCSRDETGTCKICCCELINE,0
GIFTLIKGAAKLIGKTVAKEAGKTGLELMACKITNQC,0
ACQCPDAISGWTHTDYQCHGLENKMYRHVYAICMNGTQVYCRTEWGSSC,0
GRCVCRKQLLCSYRERRIGDCKIRGVRFPFCCPR,0
VTCDILSVEAKGVKLNDAACAAHCLFRGRSGGYCNGKRVCVCR,0
GLLDSLKGFAATAGKGVLQSLLSTASCKLAKTC,0
LKWLKKLLKKL,0
GLVDVLGKVGGLIKKLLPG,0
WLRRIGKGVKIIGGAALDHL,0
RYHMQCGYRGTFCTPGKCPHGNAYLGLCRPKYSCCRWL,0
ITSISLCTPGCKTGVLMGCNLKTATCNCSVHVSK,0
MLMACYSAGQLGCLVFCNEAEYSYGKCIGRGRCCCYDL,0
GWLKKIGKKIERVGQHTRDATIQTIAVAQQAANVAATAR,0
LRDLVCYCRTRGCKRRERMNGTCRKGHLIYTLCC,0
GLWSNIKTAGKEAAKAALKAAGKAALGAVTDAV,0
GRLKKLGKKIEGAGKRVFKAAEKALPVVAGVKALG,0
VDKGSYLPRPTPPRPIYNRN,0
QQCGRQAGNRRCANNLCCSQYGYCGRTNEYCCTSQGCQSQCRRCG,0
GVWSTVLGGLKKFAKGGLEAIVNPK,0
GLLDTFKNLALNAPKSAGVSVLNSLSCKLSKTC,0
KQFRIRVRVIRK,0
KWCFRVCYRGICYRKCR,0
GLWDSIKIAGKKLFVNVLDKIRCKVAGGC,0
VAIALKAAHYHTHKE,0
GIINTLQKYYCRVRGGRCAVLTCLPKEEQIGKCSTRGRKCCRRKK,0
LIGPVLGLVGSALGGLLKKI,0
SGKLYYRRKK,0
EPILGIITSLLKSL,0
ACHAHCQSVGRRGGYCGNFRMTCYCY,0
AIHRALISKRMEGHCEAECLTFEVKIGGCRAELAPFCCKNRKKH,0
AWLLAIRKR,0
GMATKAGTALGKVAKAVIGAAL,0
ILGPVLGLVSNALGGLLKNL,0
KNGYGGSGNRWVHCGAGIVGGALIGAIGGPWSAVAGGISGGFASCH,0
HKTDSFVGLM,0
ALWLAIRKR,0
QGVRSYLSCWGNRGICLLNRCPGRMRQIGTCLAPRVKCCR,0
NFLDTLINLAKKFI,0
QLEARFEPKQRNFRKRELDFEKLFANMPDY,0
RRARIVVIRVAR,0
LLGNFFRKAREKIGKEFKRIVQRIKDFLQHLVPRTEA,0
GVVDILKGAAKDLAGHLASKVMNKI,0
GWMSKIASGIGTFLSGVQQG,0
RLGDILQKAREKIEGGLKKLVQKIKDFFGKFAPRTES,0
GLISGILGVGKKLVCGLSGLC,0
GVLDAFKKIATVVKNLV,0
TTKNYGNGVCNSVNWCQCGNVWASCNLATGCAAWLCKLA,0
SLWETIKNAGKGFIQNLDKIR,0
KYYGNGVTCGKHSCSVNWGQAFSCSVSHLANFGHGKC,0
